%time,impatience,acquiescent,suppressed,resetted,aplicable,motivation (for the robot2/wander behaviour set)
0,10,0,0,0,0,0,100,0
27.59731328,10,0,0,0,0,0,100,0
27.797315584,10,0,0,0,1,10,100,0
27.99731968,10,0,0,0,1,20,100,0
28.197342208,10,0,0,0,1,30,100,0
28.397349632,10,0,0,0,1,40,100,0
28.597290752,10,0,0,0,1,50,100,0
28.79729536,10,0,0,0,1,60,100,0
28.997293312,10,0,0,0,1,70,100,0
29.197329152,10,0,0,0,1,80,100,0
29.397364992,10,0,0,0,1,90,100,0
29.597351168,10,0,0,0,1,100,100,1
