%time,impatience,acquiescent,suppressed,resetted,aplicable,motivation (for the robot2/border_protection behaviour set)
0,5,0,0,0,0,0,300,0
27.597221376,5,0,0,0,0,0,300,0
27.798925568,5,0,0,0,1,5,300,0
27.997396736,5,0,0,0,1,10,300,0
28.197206528,5,0,0,0,1,15,300,0
28.397296384,5,0,0,0,1,20,300,0
28.597141248,5,0,0,0,1,25,300,0
28.797151232,5,0,0,0,1,30,300,0
28.997155584,1.5,0,0,1,1,0,300,0
29.19719296,1.5,0,0,0,1,1.5,300,0
29.397205504,1.5,0,0,0,1,3,300,0
29.611195904,1.5,0,1,0,1,0,300,0
